Precision@10,Recall@10,Hit Rate,MRR
0.0062870699881376006,0.06287069988137604,0.06287069988137604,0.020335065619763126
