Precision@10,Recall@10,Hit Rate,MRR
0.0065243179122182636,0.06524317912218268,0.06524317912218268,0.028805381385452557
