Precision@10,Recall@10,Hit Rate,MRR
0.0069988137603795905,0.06998813760379596,0.06998813760379596,0.03420606676834434
