Precision@10,Recall@10,Hit Rate,MRR
0.007591933570581249,0.07591933570581258,0.07591933570581258,0.03223935679451693
