Precision@10,Recall@10,Hit Rate,MRR
0.005693950177935942,0.05693950177935943,0.05693950177935943,0.02646538251520457
