Precision@10,Recall@10,Hit Rate,MRR
0.0067615658362989274,0.06761565836298933,0.06761565836298933,0.02257150388822986
