Precision@10,Recall@10,Hit Rate,MRR
0.006880189798339259,0.06880189798339265,0.06880189798339265,0.022769681221638517
