Precision@10,Recall@10,Hit Rate,MRR
0.04638196915777021,0.4638196915776987,0.4638196915776987,0.05688301417838821
