Precision@10,Recall@10,Hit Rate,MRR
0.05255041518386757,0.5255041518386714,0.5255041518386714,0.06424146566495371
