Precision@10,Recall@10,Hit Rate,MRR
0.052669039145907905,0.5266903914590747,0.5266903914590747,0.0619993786363898
