Precision@10,Recall@10,Hit Rate,MRR
0.057058125741400255,0.5705812574139977,0.5705812574139977,0.06508925040953562
