Precision@10,Recall@10,Hit Rate,MRR
0.04958481613285922,0.4958481613285884,0.4958481613285884,0.062065751567531344
