Precision@10,Recall@10,Hit Rate,MRR
0.03594306049822083,0.3594306049822064,0.3594306049822064,0.045191492967293884
