Precision@10,Recall@10,Hit Rate,MRR
0.05349940688019024,0.534994068801898,0.534994068801898,0.06300579939370017
