Metric,Value
Precision@5,0.922166149068323
Recall@5,0.922166149068323
Hit Rate,0.922166149068323
MRR,0.18676403985495857
