Metric,Value
Precision@5,0.89754034761018
Recall@5,0.89754034761018
Hit Rate,0.89754034761018
