Test Loss,Test Top-10 Accuracy
10.238118171691895,0.05338078364729881
