Test Loss,Test Top-10 Accuracy
26.422033309936523,0.0569395013153553
