Metric,Value
Precision@5,0.05471176242236025
Recall@5,0.05471176242236025
Hit Rate,0.05471176242236025
MRR,0.020278128234989968
