Test Loss,Test Top-10 Accuracy
12.441520690917969,0.04389086738228798
