Test Loss,Test Top-10 Accuracy
13.352205276489258,0.035587187856435776
